"Path","Slice Name","Alias(s)","Label","Min","Max","Must Support?","Is Modifier?","Is Summary?","Type(s)","Short","Definition","Comments","Requirements","Default Value","Meaning When Missing","Fixed Value","Pattern","Example","Minimum Value","Maximum Value","Maximum Length","Binding Strength","Binding Description","Binding Value Set","Code","Slicing Discriminator","Slicing Description","Slicing Ordered","Slicing Rules","Base Path","Base Min","Base Max","Condition(s)","Constraint(s)","Mapping: Mapping to CH:ATC","Mapping: DICOM Tag Mapping","Mapping: RIM Mapping","Mapping: W5 Mapping","Mapping: W3C PROV","Mapping: FHIR Provenance"
"AuditEvent","","","",0,*,"","","","","Access Audit Trail Event Content Profile","Access Audit Trail Event Content Profile","Based on ATNA (RFC 3881).","","","","","","","","",,,,,"",,,,"AuditEvent",0,*,"","dom-2:If the resource is contained in another resource, it SHALL NOT contain nested Resources {contained.contained.empty()}
dom-1:If the resource is contained in another resource, it SHALL NOT contain any narrative {contained.text.empty()}dom-4:If a resource is contained in another resource, it SHALL NOT have a meta.versionId or a meta.lastUpdated {contained.meta.versionId.empty() and contained.meta.lastUpdated.empty()}dom-3:If the resource is contained in another resource, it SHALL be referred to from elsewhere in the resource {contained.where(('#'+id in %resource.descendants().reference).not()).empty()}ch-atc-aae-1:subtype needs to be fixed to ATC_LOG_READ {subtype.exists() and subtype.count()=1 and subtype[0].code='ATC_LOG_READ'}","Message","Entity. Role, or Act","ControlAct[moodCode=EVN]","infrastructure.information"
"AuditEvent.id","","","",1,1,"","","Y","id {[]} {[]}
","Logical id of this artifact","The logical id of the resource, as used in the URL for the resource. Once assigned, this        value never changes.","The only time that a resource does not have an id is when it is being submitted to the        server using a create operation.","","","","","","","","",,,,,"",,,,"Resource.id",0,1,"",""
"AuditEvent.meta","","","",0,1,"","","Y","Meta {[]} {[]}
","Metadata about the resource","The metadata about the resource. This is content that is maintained by the infrastructure. Changes to the content may not always be associated with version changes to the resource.","","","","","","","","","",,,,,"",,,,"Resource.meta",0,1,"",""
"AuditEvent.implicitRules","","","",0,1,"","Y","Y","uri {[]} {[]}
","A set of rules under which this content was created","A reference to a set of rules that were followed when the resource was constructed, and which must be understood when processing the content.","Asserting this rule set restricts the content to be only understood by a limited set of trading partners. This inherently limits the usefulness of the data in the long term. However, the existing health eco-system is highly fractured, and not yet ready to define, collect, and exchange data in a generally computable sense. Wherever possible, implementers and/or specification writers should avoid using this element. 

This element is labelled as a modifier because the implicit rules may provide additional knowledge about the resource that modifies it's meaning or interpretation.","","","","","","","","",,,,,"",,,,"Resource.implicitRules",0,1,"",""
"AuditEvent.language","","","",0,1,"","","","code {[]} {[]}
","Language of the resource content","The base language in which the resource is written.","Language is provided to support indexing and accessibility (typically, services such as text to speech use the language tag). The html language tag in the narrative applies  to the narrative. The language tag on the resource may be used to specify the language of other presentations generated from the data in the resource  Not all the content has to be in the base language. The Resource.language should not be assumed to apply to the narrative automatically. If a language is specified, it should it also be specified on the div element in the html (see rules in HTML5 for information about the relationship between xml:lang and the html lang attribute).","","","","","","","","",,"extensible","A human language.","http://hl7.org/fhir/ValueSet/languages","",,,,"Resource.language",0,1,"",""
"AuditEvent.text","","narrative
htmlxhtmldisplay","",1,1,"","","","Narrative {[]} {[]}
","A human-readable narrative that contains the summary of the Audit Event.","A human-readable narrative that contains the summary of the Audit Event.","Contained resources do not have narrative. Resources that are not contained SHOULD have a narrative. In some cases, a resource may only have text with little or no additional discrete data (as long as all minOccurs=1 elements are satisfied).  This may be necessary for data from legacy systems where information is captured as a ""text blob"" or where text is additionally entered raw or narrated and encoded in formation is added later.","","","","","","","","",,,,,"",,,,"DomainResource.text",0,1,"dom-1
","","Act.text?"
"AuditEvent.contained","","inline resources
anonymous resourcescontained resources","",0,*,"","","","Resource {[]} {[]}
","Contained, inline Resources","These resources do not have an independent existence apart from the resource that contains them - they cannot be identified independently, and nor can they have their own independent transaction scope.","This should never be done when the content can be identified properly, as once identification is lost, it is extremely difficult (and context dependent) to restore it again.","","","","","","","","",,,,,"",,,,"DomainResource.contained",0,*,"","","N/A"
"AuditEvent.extension","","extensions
user content","",0,*,"","","","Extension {[]} {[]}
","Additional Content defined by implementations","May be used to represent additional information that is not part of the basic definition of the resource. In order to make the use of extensions safe and manageable, there is a strict set of governance  applied to the definition and use of extensions. Though any implementer is allowed to define an extension, there is a set of requirements that SHALL be met as part of the definition of the extension.","There can be no stigma associated with the use of extensions by any application, project, or standard - regardless of the institution or jurisdiction that uses or defines the extensions.  The use of extensions is what allows the FHIR specification to retain a core level of simplicity for everyone.","","","","","","","","",,,,,"",,,,"DomainResource.extension",0,*,"","","N/A"
"AuditEvent.modifierExtension","","extensions
user content","",0,*,"","Y","","Extension {[]} {[]}
","Extensions that cannot be ignored","May be used to represent additional information that is not part of the basic definition of the resource, and that modifies the understanding of the element that contains it. Usually modifier elements provide negation or qualification. In order to make the use of extensions safe and manageable, there is a strict set of governance applied to the definition and use of extensions. Though any implementer is allowed to define an extension, there is a set of requirements that SHALL be met as part of the definition of the extension. Applications processing a resource are required to check for modifier extensions.","There can be no stigma associated with the use of extensions by any application, project, or standard - regardless of the institution or jurisdiction that uses or defines the extensions.  The use of extensions is what allows the FHIR specification to retain a core level of simplicity for everyone.","","","","","","","","",,,,,"",,,,"DomainResource.modifierExtension",0,*,"","","N/A"
"AuditEvent.type","","","",1,1,"","","Y","Coding {[]} {[]}
","Type/identifier of event","Identifier for a family of the event.  For example, a menu item, program, rule, policy,        function code, application name or URL. It identifies the performed function.","","This identifies the performed function. For ""Execute"" Event Action Code audit        records, this identifies the application function performed.","","","","","","","",,"extensible","Type of event.","http://hl7.org/fhir/ValueSet/audit-event-type","",,,,"AuditEvent.type",1,1,"","","EventId",".code (type, subtype and action are pre-coordinated or sent as translations)","what","Activity"
"AuditEvent.subtype","","","",1,1,"","","Y","Coding {[]} {[]}
","More specific type/id for the event","Identifier for the category of event.","","This field enables queries of messages by implementation-defined event categories.","","","","","","","",,"required","Audit Trail Event Type","http://fhir.ch/ig/ch-atc/ValueSet/AccessAuditTrailEventType","",,,,"AuditEvent.subtype",0,*,"","","Event Type","EventTypeCode",".code (type, subtype and action are pre-coordinated or sent as translations)","what"
"AuditEvent.action","","","",0,1,"","","Y","code {[]} {[]}
","Type of action performed during the event","Indicator for type of action performed during the event that generated the audit.","","This broadly indicates what kind of action was done on the AuditEvent.entity by the AuditEvent.agent.","","","","","","","",,"required","Indicator for type of action performed during the event that generated the event","http://hl7.org/fhir/ValueSet/audit-event-action","",,,,"AuditEvent.action",0,1,"","","EventActionCode",".code (type, subtype and action are pre-coordinated or sent as translations)","what"
"AuditEvent.recorded","","","",1,1,"","","Y","instant {[]} {[]}
","Time when the event was recorded","The time when the event was recorded.","In a distributed system, some sort of common time base (e.g. an NTP [RFC1305] server)        is a good implementation tactic.","This ties an event to a specific date and time. Security audits typically require a consistent        time base (e.g. UTC), to eliminate time-zone issues arising from geographical distribution.","","","","","","","",,,,,"",,,,"AuditEvent.recorded",1,1,"","","Event Date and Time","EventDateTime",".effectiveTime","when.recorded","Activity.when","Provenance.recorded"
"AuditEvent.outcome","","","",0,1,"","","Y","code {[]} {[]}
","Whether the event succeeded or failed","Indicates whether the event succeeded or failed.","In some cases a ""success"" may be partial, for example, an incomplete or interrupted transfer of a radiological study. For the purpose of establishing accountability, these distinctions are not relevant.","","","","","","","","",,"required","Indicates whether the event succeeded or failed","http://hl7.org/fhir/ValueSet/audit-event-outcome","",,,,"AuditEvent.outcome",0,1,"","","EventOutcomeIndicator",".actionNegationInd","what"
"AuditEvent.outcomeDesc","","","",0,1,"","","Y","string {[]} {[]}
","Description of the event outcome","A free text description of the outcome of the event.","","","","","","","","","",,,,,"",,,,"AuditEvent.outcomeDesc",0,1,"","","EventOutcomeDescription",".outboundRelationship[typeCode=OUT].target.text","what"
"AuditEvent.purposeOfEvent","","","",0,*,"","","Y","CodeableConcept {[]} {[]}
","The purposeOfUse of the event","The purposeOfUse (reason) that was used during the event being recorded.","Use AuditEvent.agent.purposeOfUse when you know that it is specific to the agent, otherwise use AuditEvent.purposeOfEvent. For example, during a machine-to-machine transfer it might not be obvious to the audit system who caused the event, but it does know why.","","","","","","","","",,"extensible","The reason the activity took place.","http://hl7.org/fhir/ValueSet/v3-PurposeOfUse","",,,,"AuditEvent.purposeOfEvent",0,*,"","","EventPurposeOfUse","* .reasonCode [ControlActReason when Act.class = CACT Control Act]
*.outboundRelationship[typeCode=RSON].target","why","Activity.Activity","Provenance.reason, Provenance.activity"
"AuditEvent.agent","","ActiveParticipant
","",1,*,"","","","BackboneElement {[]} {[]}
","Patient, repeated if representative","Patient, repeated if representative","Several agents may be associated (i.e. have some responsibility for an activity) with        an event or activity.  For example, an activity may be initiated by one user for other users or involve more        than one user. However, only one user may be the initiator/requestor for the activity.","An agent can be a person, an organization, software, device, or other actors that may        be ascribed responsibility.","","","","","","","",,,,,"",,,,"AuditEvent.agent",1,*,"","ele-1:All FHIR elements must have a @value or children {hasValue() | (children().count() > id.count())}
","Participants","ActiveParticipant",".participation","who","Agent","Provenance.agent"
"AuditEvent.agent.id","","","",0,1,"","","","string {[]} {[]}
","xml:id (or equivalent in JSON)","unique id for the element within a resource (for internal references). This may be any string value that does not contain spaces.","","","","","","","","","",,,,,"",,,,"Element.id",0,1,"","","n/a"
"AuditEvent.agent.extension","","extensions
user content","",0,*,"","","","Extension {[]} {[]}
","Additional Content defined by implementations","May be used to represent additional information that is not part of the basic definition of the element. In order to make the use of extensions safe and manageable, there is a strict set of governance  applied to the definition and use of extensions. Though any implementer is allowed to define an extension, there is a set of requirements that SHALL be met as part of the definition of the extension.","There can be no stigma associated with the use of extensions by any application, project, or standard - regardless of the institution or jurisdiction that uses or defines the extensions.  The use of extensions is what allows the FHIR specification to retain a core level of simplicity for everyone.","","","","","","","","",,,,,"",,,,"Element.extension",0,*,"","","n/a"
"AuditEvent.agent.modifierExtension","","extensions
user contentmodifiers","",0,*,"","Y","Y","Extension {[]} {[]}
","Extensions that cannot be ignored","May be used to represent additional information that is not part of the basic definition of the element, and that modifies the understanding of the element that contains it. Usually modifier elements provide negation or qualification. In order to make the use of extensions safe and manageable, there is a strict set of governance applied to the definition and use of extensions. Though any implementer is allowed to define an extension, there is a set of requirements that SHALL be met as part of the definition of the extension. Applications processing a resource are required to check for modifier extensions.","There can be no stigma associated with the use of extensions by any application, project, or standard - regardless of the institution or jurisdiction that uses or defines the extensions.  The use of extensions is what allows the FHIR specification to retain a core level of simplicity for everyone.","","","","","","","","",,,,,"",,,,"BackboneElement.modifierExtension",0,*,"","","N/A"
"AuditEvent.agent.role","","","",1,1,"","","Y","CodeableConcept {[]} {[]}
","Agent role in the event","The security role that the user was acting under, that come from local codes defined by        the access control security system (e.g. RBAC, ABAC) used in the local context.","Should be roles relevant to the event. Should  not be an exhaustive list of roles.","This value ties an audited event to a user's role(s). It is an optional value that might        be used to group events for analysis by user functional role categories.","","","","","","","",,"required","EprParticipant","http://fhir.ch/ig/ch-atc/ValueSet/EprParticipant","",,,,"AuditEvent.agent.role",0,*,"","","role (PAT, REP)","RoleIdCode",".role and/or .typeCode and/or .functionCode","who","Agent.Attribution","Provenance.agent.role"
"AuditEvent.agent.reference","","","",0,1,"","","Y","Reference {[]} {[CanonicalType[http://hl7.org/fhir/StructureDefinition/Practitioner], CanonicalType[http://hl7.org/fhir/StructureDefinition/Organization], CanonicalType[http://hl7.org/fhir/StructureDefinition/Device], CanonicalType[http://hl7.org/fhir/StructureDefinition/Patient], CanonicalType[http://hl7.org/fhir/StructureDefinition/RelatedPerson]]}
","Direct reference to resource","Direct reference to a resource that identifies the agent.","","This field ties an audit event to a specific resource.","","","","","","","",,,,,"",,,,"AuditEvent.agent.reference",0,1,"","",".id","who","Agent.Identity","Provenance.agent.actor"
"AuditEvent.agent.userId","","","",0,1,"","","Y","Identifier {[]} {[]}
","Unique identifier for the user","Unique identifier for the user","A unique value within the Audit Source ID. For node-based authentication -- where only        the system hardware or process, but not a human user, is identified -- User ID would be        the node name.","This field ties an audit event to a specific user.","","","","","","","",,,,,"",,,,"AuditEvent.agent.userId",0,1,"","","applicable identifier","UserId",".id","who","Agent.Identity","Provenance.agent.userId"
"AuditEvent.agent.altId","","","",0,1,"","","","string {[]} {[]}
","Alternative User id e.g. authentication","Alternative agent Identifier. For a human, this should be a user identifier text string from authentication system. This identifier would be one known to a common authentication system (e.g. single sign-on), if available.","","In some situations, a human user may authenticate with one identity but, to access a specific application system, may use a synonymous identify. For example, some ""single sign on"" implementations will do this. The alternative identifier would then be the original identify  used for authentication, and the User ID is the one known to and used by the application.","","","","","","","",,,,,"",,,,"AuditEvent.agent.altId",0,1,"","","AlternativeUserId",".id (distinguish id type by root)","who","Agent.Identity"
"AuditEvent.agent.name","","","",1,1,"","","Y","string {[]} {[]}
","Human-meaningful name for the agent","AttributeStatement/Attribute[@Name='urn:oasis:names:tc:xspa:1.0:subject:subject- id']/AttributeValue","","The User ID and Authorization User ID may be internal or otherwise obscure values. This        field assists the auditor in identifying the actual user.","","","","","","","",,,,,"",,,,"AuditEvent.agent.name",0,1,"","","Name","UserName",".name","who","Agent.Identity"
"AuditEvent.agent.requestor","","","",1,1,"","","Y","boolean {[]} {[]}
","Whether user is initiator","Indicator that the participant is the initiator for the event being audited.","There can only be one initiator. If the initiator is not clear, then do not choose any        one agent as the initiator.","This value is used to distinguish between requestor-users and recipient-users. For example,        one person may initiate a report-output to be sent to another user.","","","","","","","",,,,,"",,,,"AuditEvent.agent.requestor",1,1,"","","if participant is Initiator","UserIsRequestor","If participation.typeCode was author, then true","who"
"AuditEvent.agent.location","","","",0,1,"","","","Reference {[]} {[CanonicalType[http://hl7.org/fhir/StructureDefinition/Location]]}
","Where","Where the event occurred.","","","","","","","","","",,,,,"",,,,"AuditEvent.agent.location",0,1,"","","* Role.Class =SDLOC
*Role.Code = ServiceDeliveryLocationRoleType
 *Entity.Code  = PlaceEntityType = df.Types of places for  Entity.Class = PLC
*EntityClass = PLC = df.A physical place or site with its containing structure. May be natural or man-made. The geographic position of a place may or may not be constant.","where","Activity.location","Provenance.location"
"AuditEvent.agent.policy","","","",0,*,"","","","uri {[]} {[]}
","Policy that authorized event","The policy or plan that authorized the activity being recorded. Typically, a single activity may have multiple applicable policies, such as patient consent, guarantor funding, etc. The policy would also indicate the security token used.","For example: Where an OAuth token authorizes, the unique identifier from the OAuth token is placed into the policy element Where a policy engine (e.g. XACML) holds policy logic, the unique policy identifier is placed into the policy element.","This value is used retrospectively to determine the authorization policies.","","","","","","","",,,,,"",,,,"AuditEvent.agent.policy",0,*,"","","ParticipantRoleIDCode","ActPolicyType","why","Provenance.policy"
"AuditEvent.agent.media","","","",0,1,"","","","Coding {[]} {[]}
","Type of media","Type of media involved. Used when the event is about exporting/importing onto media.","","Usually, this is used instead of specifying a network address. This field is not used for Media Id (i.e. the serial number of a CD).","","","","","","","",,"extensible","Used when the event is about exporting/importing onto media.","http://hl7.org/fhir/ValueSet/dicm-405-mediatype","",,,,"AuditEvent.agent.media",0,1,"","","MediaType",".player.description.mediaType","where"
"AuditEvent.agent.network","","","",0,1,"","","","BackboneElement {[]} {[]}
","Logical network location for application activity","Logical network location for application activity, if the activity has a network location.","","","","","","","","","",,,,,"",,,,"AuditEvent.agent.network",0,1,"","ele-1:All FHIR elements must have a @value or children {hasValue() | (children().count() > id.count())}
",".player.description.reference","where"
"AuditEvent.agent.network.id","","","",0,1,"","","","string {[]} {[]}
","xml:id (or equivalent in JSON)","unique id for the element within a resource (for internal references). This may be any string value that does not contain spaces.","","","","","","","","","",,,,,"",,,,"Element.id",0,1,"","","n/a"
"AuditEvent.agent.network.extension","","extensions
user content","",0,*,"","","","Extension {[]} {[]}
","Additional Content defined by implementations","May be used to represent additional information that is not part of the basic definition of the element. In order to make the use of extensions safe and manageable, there is a strict set of governance  applied to the definition and use of extensions. Though any implementer is allowed to define an extension, there is a set of requirements that SHALL be met as part of the definition of the extension.","There can be no stigma associated with the use of extensions by any application, project, or standard - regardless of the institution or jurisdiction that uses or defines the extensions.  The use of extensions is what allows the FHIR specification to retain a core level of simplicity for everyone.","","","","","","","","",,,,,"",,,,"Element.extension",0,*,"","","n/a"
"AuditEvent.agent.network.modifierExtension","","extensions
user contentmodifiers","",0,*,"","Y","Y","Extension {[]} {[]}
","Extensions that cannot be ignored","May be used to represent additional information that is not part of the basic definition of the element, and that modifies the understanding of the element that contains it. Usually modifier elements provide negation or qualification. In order to make the use of extensions safe and manageable, there is a strict set of governance applied to the definition and use of extensions. Though any implementer is allowed to define an extension, there is a set of requirements that SHALL be met as part of the definition of the extension. Applications processing a resource are required to check for modifier extensions.","There can be no stigma associated with the use of extensions by any application, project, or standard - regardless of the institution or jurisdiction that uses or defines the extensions.  The use of extensions is what allows the FHIR specification to retain a core level of simplicity for everyone.","","","","","","","","",,,,,"",,,,"BackboneElement.modifierExtension",0,*,"","","N/A"
"AuditEvent.agent.network.address","","","",0,1,"","","","string {[]} {[]}
","Identifier for the network access point of the user device","An identifier for the network access point of the user device for the audit event.","This could be a device id, IP address or some other identifier associated with a device.","This datum identifies the user's network access point, which may be distinct from the server that performed the action. It is an optional value that may be used to group events recorded on separate servers for analysis of a specific network access point's data access across all servers.","","","","","","","",,,,,"",,,,"AuditEvent.agent.network.address",0,1,"","","NetworkAccessPointID","pre-coordinated into URL","where","Agent.Location"
"AuditEvent.agent.network.type","","","",0,1,"","","","code {[]} {[]}
","The type of network access point","An identifier for the type of network access point that originated the audit event.","","This datum identifies the type of network access point identifier of the user device for the audit event. It is an optional value that may be used to group events recorded on separate servers for analysis of access according to a network access point's type.","","","","","","","",,"required","The type of network access point of this agent in the audit event","http://hl7.org/fhir/ValueSet/network-type","",,,,"AuditEvent.agent.network.type",0,1,"","","NetworkAccessPointTypeCode","pre-coordinated into URL","where"
"AuditEvent.agent.purposeOfUse","","","",0,*,"","","","CodeableConcept {[]} {[]}
","Reason given for this user","The reason (purpose of use), specific to this agent, that was used during the event being recorded.","Use AuditEvent.agent.purposeOfUse when you know that is specific to the agent, otherwise use AuditEvent.purposeOfEvent. For example, during a machine-to-machine transfer it might not be obvious to the audit system who caused the event, but it does know why.","","","","","","","","",,"extensible","The reason the activity took place.","http://hl7.org/fhir/ValueSet/v3-PurposeOfUse","",,,,"AuditEvent.agent.purposeOfUse",0,*,"","","*.reasonCode [ActHealthInformationPurposeOfUseReason codes/v:PurposeOfUse
(2.16.840.1.113883.1.11.20448)
* .outboundRelationship[typeCode=RSON or SUBJ].target","why","Agent.Activity"
"AuditEvent.source","","","",1,1,"","","","BackboneElement {[]} {[]}
","Audit Event Reporter","The system that is reporting the event.","Since multi-tier, distributed, or composite applications make source identification ambiguous, this collection of fields may repeat for each application or process actively involved in the event. For example, multiple value-sets can identify participating web servers, application processes, and database server threads in an n-tier distributed application. Passive event participants (e.g. low-level network transports) need not be identified.","The event is reported by one source.","","","","","","","",,,,,"",,,,"AuditEvent.source",1,1,"","ele-1:All FHIR elements must have a @value or children {hasValue() | (children().count() > id.count())}
","AuditSourceIdentification",".participation[typeCode=INF].role[classCode=ASSIGN].player[classCode=DEV, determinerCode=INSTANCE]","who.witness"
"AuditEvent.source.id","","","",0,1,"","","","string {[]} {[]}
","xml:id (or equivalent in JSON)","unique id for the element within a resource (for internal references). This may be any string value that does not contain spaces.","","","","","","","","","",,,,,"",,,,"Element.id",0,1,"","","n/a"
"AuditEvent.source.extension","","extensions
user content","",0,*,"","","","Extension {[]} {[]}
","Additional Content defined by implementations","May be used to represent additional information that is not part of the basic definition of the element. In order to make the use of extensions safe and manageable, there is a strict set of governance  applied to the definition and use of extensions. Though any implementer is allowed to define an extension, there is a set of requirements that SHALL be met as part of the definition of the extension.","There can be no stigma associated with the use of extensions by any application, project, or standard - regardless of the institution or jurisdiction that uses or defines the extensions.  The use of extensions is what allows the FHIR specification to retain a core level of simplicity for everyone.","","","","","","","","",,,,,"",,,,"Element.extension",0,*,"","","n/a"
"AuditEvent.source.modifierExtension","","extensions
user contentmodifiers","",0,*,"","Y","Y","Extension {[]} {[]}
","Extensions that cannot be ignored","May be used to represent additional information that is not part of the basic definition of the element, and that modifies the understanding of the element that contains it. Usually modifier elements provide negation or qualification. In order to make the use of extensions safe and manageable, there is a strict set of governance applied to the definition and use of extensions. Though any implementer is allowed to define an extension, there is a set of requirements that SHALL be met as part of the definition of the extension. Applications processing a resource are required to check for modifier extensions.","There can be no stigma associated with the use of extensions by any application, project, or standard - regardless of the institution or jurisdiction that uses or defines the extensions.  The use of extensions is what allows the FHIR specification to retain a core level of simplicity for everyone.","","","","","","","","",,,,,"",,,,"BackboneElement.modifierExtension",0,*,"","","N/A"
"AuditEvent.source.site","","","",0,1,"","","","string {[]} {[]}
","Logical source location within the enterprise","Logical source location within the healthcare enterprise network.  For example, a hospital or other provider location within a multi-entity provider group.","","This value differentiates among the sites in a multi-site enterprise health information system.","","","","","","","",,,,,"",,,,"AuditEvent.source.site",0,1,"","","AuditEnterpriseSiteId",".scopedRole[classCode=LOCE].player.desc","who.witness"
"AuditEvent.source.identifier","","","",1,1,"","","Y","Identifier {[]} {[]}
","The identity of source detecting the event","Identifier of the source where the event was detected.","","This field ties the event to a specific source system. It may be used to group events for analysis according to where the event was detected.","","","","","","","",,,,,"",,,,"AuditEvent.source.identifier",1,1,"","","AuditSourceId",".id","who.witness"
"AuditEvent.source.type","","","",0,*,"","","","Coding {[]} {[]}
","The type of source where event originated","Code specifying the type of source where event originated.","","This field indicates which type of source is identified by the Audit Source ID. It is an optional value that may be used to group events for analysis according to the type of source where the event occurred.","","","","","","","",,"extensible","Code specifying the type of system that detected and recorded the event.","http://hl7.org/fhir/ValueSet/audit-source-type","",,,,"AuditEvent.source.type",0,*,"","","AuditSourceTypeCode",".code","who.witness"
"AuditEvent.entity","","ParticipantObject
","",0,*,"","","","BackboneElement {[]} {[]}
","Data or objects used","Specific instances of data or objects that have been accessed.","Required unless the values for event identification, agent identification, and audit source        identification are sufficient to document the entire auditable event. Because events may        have more than one entity, this group can be a repeating set of values.","The event may have other entities involved.","","","","","","","",,,,,"","value:type.code}
value:role.code}","",,"open","AuditEvent.entity",0,*,"","ele-1:All FHIR elements must have a @value or children {hasValue() | (children().count() > id.count())}
sev-1:Either a name or a query (NOT both) {name.empty() or query.empty()}sev-1:Either a name or a query (NOT both) {name.empty() or query.empty()}","ParticipantObjectIdentification",".outboundRelationship[typeCode=SUBJ].target  or  .participation[typeCode=SBJ].role",".outboundRelationship[typeCode=SUBJ].target  or .participation[typeCode=SBJ].role","what","FiveWs.what[x]","Entity","Provenance.target, Provenance.entity"
"AuditEvent.entity.id","","","",0,1,"","","","string {[]} {[]}
","xml:id (or equivalent in JSON)","unique id for the element within a resource (for internal references). This may be any string value that does not contain spaces.","","","","","","","","","",,,,,"",,,,"Element.id",0,1,"","","n/a"
"AuditEvent.entity.extension","","extensions
user content","",0,*,"","","","Extension {[]} {[]}
","Additional Content defined by implementations","May be used to represent additional information that is not part of the basic definition of the element. In order to make the use of extensions safe and manageable, there is a strict set of governance  applied to the definition and use of extensions. Though any implementer is allowed to define an extension, there is a set of requirements that SHALL be met as part of the definition of the extension.","There can be no stigma associated with the use of extensions by any application, project, or standard - regardless of the institution or jurisdiction that uses or defines the extensions.  The use of extensions is what allows the FHIR specification to retain a core level of simplicity for everyone.","","","","","","","","",,,,,"",,,,"Element.extension",0,*,"","","n/a"
"AuditEvent.entity.modifierExtension","","extensions
user contentmodifiers","",0,*,"","Y","Y","Extension {[]} {[]}
","Extensions that cannot be ignored","May be used to represent additional information that is not part of the basic definition of the element, and that modifies the understanding of the element that contains it. Usually modifier elements provide negation or qualification. In order to make the use of extensions safe and manageable, there is a strict set of governance applied to the definition and use of extensions. Though any implementer is allowed to define an extension, there is a set of requirements that SHALL be met as part of the definition of the extension. Applications processing a resource are required to check for modifier extensions.","There can be no stigma associated with the use of extensions by any application, project, or standard - regardless of the institution or jurisdiction that uses or defines the extensions.  The use of extensions is what allows the FHIR specification to retain a core level of simplicity for everyone.","","","","","","","","",,,,,"",,,,"BackboneElement.modifierExtension",0,*,"","","N/A"
"AuditEvent.entity.identifier","","","",0,1,"","","Y","Identifier {[]} {[]}
","Specific instance of object","Identifies a specific instance of the entity. The reference should always be version specific.","Identifier detail depends on entity type.","","","","","","","","",,,,,"",,,,"AuditEvent.entity.identifier",0,1,"","","ParticipantObjectID and ParticipantObjectIDTypeCode",".id.extension","what"
"AuditEvent.entity.reference","","","",0,1,"","","Y","Reference {[]} {[CanonicalType[http://hl7.org/fhir/StructureDefinition/Resource]]}
","Specific instance of resource","Identifies a specific instance of the entity. The reference should be version specific.","","","","","","","","","",,,,,"",,,,"AuditEvent.entity.reference",0,1,"","","ParticipantObjectID","[self]","what","Provenance.target, Provenance.entity.reference"
"AuditEvent.entity.type","","","",0,1,"","","","Coding {[]} {[]}
","Type of entity involved","The type of the object that was involved in this audit event.","This value is distinct from the user's role or any user relationship to the entity.","To describe the object being acted upon. In addition to queries on the subject of the action in an auditable event, it is also important to be able to query on the object type for the action.","","","","","","","",,"extensible","Code for the entity type involved in the audit event","http://hl7.org/fhir/ValueSet/audit-entity-type","",,,,"AuditEvent.entity.type",0,1,"","","ParticipantObjectTypeCode","[self::Act].code or role.player.code","what","Entity.type","Provenance.entity.type"
"AuditEvent.entity.role","","","",0,1,"","","","Coding {[]} {[]}
","What role the entity played","Code representing the role the entity played in the event being audited.","","For some detailed audit analysis it may be necessary to indicate a more granular type of entity, based on the application role it serves.","","","","","","","",,"extensible","Code representing the role the entity played in the audit event","http://hl7.org/fhir/ValueSet/object-role","",,,,"AuditEvent.entity.role",0,1,"","","ParticipantObjectTypeCodeRole","role.code (not sure what this would mean for an Act)","context","Entity.role"
"AuditEvent.entity.lifecycle","","","",0,1,"","","","Coding {[]} {[]}
","Life-cycle stage for the entity","Identifier for the data life-cycle stage for the entity.","This can be used to provide an audit trail for data, over time, as it passes through the system.","Institutional policies for privacy and security may optionally fall under different accountability rules based on data life cycle. This provides a differentiating value for those cases.","","","","","","","",,"extensible","Identifier for the data life-cycle stage for the entity","http://hl7.org/fhir/ValueSet/object-lifecycle-events","",,,,"AuditEvent.entity.lifecycle",0,1,"","","ParticipantObjectDataLifeCycle","target of ObservationEvent[code=""lifecycle""].value","context","Entity.role","Provenance.entity.role"
"AuditEvent.entity.securityLabel","","","",0,*,"","","","Coding {[]} {[]}
","Security labels on the entity","Security labels for the identified entity.","Copied from entity meta security tags.","This field identifies the security labels for a specific instance of an object, such as a patient, to detect/track privacy and security issues.","","","","","","","",,"extensible","Security Labels from the Healthcare Privacy and Security Classification System.","http://hl7.org/fhir/ValueSet/security-labels","",,,,"AuditEvent.entity.securityLabel",0,*,"","","ParticipantObjectSensitivity",".confidentialityCode","context"
"AuditEvent.entity.name","","","",0,1,"","","Y","string {[]} {[]}
","Descriptor for entity","A name of the entity in the audit event.","This field may be used in a query/report to identify audit events for a specific person.  For example, where multiple synonymous entity identifiers (patient number, medical record number, encounter number, etc.) have been used.","Use only where entity can't be identified with an identifier.","","","","","","","",,,,,"",,,,"AuditEvent.entity.name",0,1,"sev-1
","","ParticipantObjectName",".title","context","Entity.Label"
"AuditEvent.entity.description","","","",0,1,"","","","string {[]} {[]}
","Descriptive text","Text that describes the entity in more detail.","","Use only where entity can't be identified with an identifier.","","","","","","","",,,,,"",,,,"AuditEvent.entity.description",0,1,"","","ParticipantObjectDescription",".text","context"
"AuditEvent.entity.query","","","",0,1,"","","Y","base64Binary {[]} {[]}
","Query parameters","The query parameters for a query-type entities.","","For query events, it may be necessary to capture the actual query input to the query process in order to identify the specific event. Because of differences among query implementations and data encoding for them, this is a base 64 encoded data blob. It may be subsequently decoded or interpreted by downstream audit analysis processing.","","","","","","","",,,,,"",,,,"AuditEvent.entity.query",0,1,"sev-1
","","ParticipantObjectQuery","No mapping","context"
"AuditEvent.entity.detail","","","",0,*,"","","","BackboneElement {[]} {[]}
","Additional Information about the entity","Tagged value pairs for conveying additional information about the entity.","","Implementation-defined data about specific details of the object accessed or used.","","","","","","","",,,,,"",,,,"AuditEvent.entity.detail",0,*,"","ele-1:All FHIR elements must have a @value or children {hasValue() | (children().count() > id.count())}
","ParticipantObjectDetail",".inboundRelationship[typeCode=SUBJ].target[classCode=OBS, moodCode=EVN]","context"
"AuditEvent.entity.detail.id","","","",0,1,"","","","string {[]} {[]}
","xml:id (or equivalent in JSON)","unique id for the element within a resource (for internal references). This may be any string value that does not contain spaces.","","","","","","","","","",,,,,"",,,,"Element.id",0,1,"","","n/a"
"AuditEvent.entity.detail.extension","","extensions
user content","",0,*,"","","","Extension {[]} {[]}
","Additional Content defined by implementations","May be used to represent additional information that is not part of the basic definition of the element. In order to make the use of extensions safe and manageable, there is a strict set of governance  applied to the definition and use of extensions. Though any implementer is allowed to define an extension, there is a set of requirements that SHALL be met as part of the definition of the extension.","There can be no stigma associated with the use of extensions by any application, project, or standard - regardless of the institution or jurisdiction that uses or defines the extensions.  The use of extensions is what allows the FHIR specification to retain a core level of simplicity for everyone.","","","","","","","","",,,,,"",,,,"Element.extension",0,*,"","","n/a"
"AuditEvent.entity.detail.modifierExtension","","extensions
user contentmodifiers","",0,*,"","Y","Y","Extension {[]} {[]}
","Extensions that cannot be ignored","May be used to represent additional information that is not part of the basic definition of the element, and that modifies the understanding of the element that contains it. Usually modifier elements provide negation or qualification. In order to make the use of extensions safe and manageable, there is a strict set of governance applied to the definition and use of extensions. Though any implementer is allowed to define an extension, there is a set of requirements that SHALL be met as part of the definition of the extension. Applications processing a resource are required to check for modifier extensions.","There can be no stigma associated with the use of extensions by any application, project, or standard - regardless of the institution or jurisdiction that uses or defines the extensions.  The use of extensions is what allows the FHIR specification to retain a core level of simplicity for everyone.","","","","","","","","",,,,,"",,,,"BackboneElement.modifierExtension",0,*,"","","N/A"
"AuditEvent.entity.detail.type","","","",1,1,"","","","string {[]} {[]}
","Name of the property","The type of extra detail provided in the value.","","","","","","","","","",,,,,"",,,,"AuditEvent.entity.detail.type",1,1,"","","ParticipantObjectDetail.type",".code","context"
"AuditEvent.entity.detail.value","","","",1,1,"","","","base64Binary {[]} {[]}
","Property value","The details, base64 encoded. Used to carry bulk information.","The value is base64 encoded to enable various encodings or binary content.","Should not duplicate the entity value unless absolutely necessary.","","","","","","","",,,,,"",,,,"AuditEvent.entity.detail.value",1,1,"","","ParticipantObjectDetail.value",".value","context"
"AuditEvent.entity","Patient","ParticipantObject
","",1,1,"","","Y","BackboneElement {[]} {[]}
","Patient","Specific instances of data or objects that have been accessed.","Required unless the values for event identification, agent identification, and audit source identification are sufficient to document the entire auditable event. Because events may have more than one entity, this group can be a repeating set of values.","The event may have other entities involved.","","","","","","","",,,,,"",,,,"AuditEvent.entity",0,*,"","ele-1:All FHIR elements must have a @value or children {hasValue() | (children().count() > id.count())}
sev-1:Either a name or a query (NOT both) {name.empty() or query.empty()}","Patient","ParticipantObjectIdentification",".outboundRelationship[typeCode=SUBJ].target  or  .participation[typeCode=SBJ].role","what","Entity","Provenance.target, Provenance.entity"
"AuditEvent.entity.id","","","",0,1,"","","","string {[]} {[]}
","xml:id (or equivalent in JSON)","unique id for the element within a resource (for internal references). This may be any string value that does not contain spaces.","","","","","","","","","",,,,,"",,,,"Element.id",0,1,"","","n/a"
"AuditEvent.entity.extension","","extensions
user content","",0,*,"","","","Extension {[]} {[]}
","Additional Content defined by implementations","May be used to represent additional information that is not part of the basic definition of the element. In order to make the use of extensions safe and manageable, there is a strict set of governance  applied to the definition and use of extensions. Though any implementer is allowed to define an extension, there is a set of requirements that SHALL be met as part of the definition of the extension.","There can be no stigma associated with the use of extensions by any application, project, or standard - regardless of the institution or jurisdiction that uses or defines the extensions.  The use of extensions is what allows the FHIR specification to retain a core level of simplicity for everyone.","","","","","","","","",,,,,"",,,,"Element.extension",0,*,"","","n/a"
"AuditEvent.entity.modifierExtension","","extensions
user contentmodifiers","",0,*,"","Y","Y","Extension {[]} {[]}
","Extensions that cannot be ignored","May be used to represent additional information that is not part of the basic definition of the element, and that modifies the understanding of the element that contains it. Usually modifier elements provide negation or qualification. In order to make the use of extensions safe and manageable, there is a strict set of governance applied to the definition and use of extensions. Though any implementer is allowed to define an extension, there is a set of requirements that SHALL be met as part of the definition of the extension. Applications processing a resource are required to check for modifier extensions.","There can be no stigma associated with the use of extensions by any application, project, or standard - regardless of the institution or jurisdiction that uses or defines the extensions.  The use of extensions is what allows the FHIR specification to retain a core level of simplicity for everyone.","","","","","","","","",,,,,"",,,,"BackboneElement.modifierExtension",0,*,"","","N/A"
"AuditEvent.entity.identifier","","","",1,1,"","","Y","Identifier {[]} {[]}
","Patient Id (EPR-SPID)","Patient Id (EPR-SPID)",".","","","","","","","","",,,,,"",,,,"AuditEvent.entity.identifier",0,1,"","","EPR-SPID","ParticipantObjectID and ParticipantObjectIDTypeCode",".id.extension","what"
"AuditEvent.entity.identifier.id","","","",0,1,"","","","string {[]} {[]}
","xml:id (or equivalent in JSON)","unique id for the element within a resource (for internal references). This may be any string value that does not contain spaces.","","","","","","","","","",,,,,"",,,,"Element.id",0,1,"","","n/a"
"AuditEvent.entity.identifier.extension","","extensions
user content","",0,*,"","","","Extension {[]} {[]}
","Additional Content defined by implementations","May be used to represent additional information that is not part of the basic definition of the element. In order to make the use of extensions safe and manageable, there is a strict set of governance  applied to the definition and use of extensions. Though any implementer is allowed to define an extension, there is a set of requirements that SHALL be met as part of the definition of the extension.","There can be no stigma associated with the use of extensions by any application, project, or standard - regardless of the institution or jurisdiction that uses or defines the extensions.  The use of extensions is what allows the FHIR specification to retain a core level of simplicity for everyone.","","","","","","","","",,,,,"","value:url}
","Extensions are always sliced by (at least) url",,"open","Element.extension",0,*,"","","n/a"
"AuditEvent.entity.identifier.use","","","",0,1,"","Y","Y","code {[]} {[]}
","usual | official | temp | secondary (If known)","The purpose of this identifier.","This is labeled as ""Is Modifier"" because applications should not mistake a temporary id for a permanent one. Applications can assume that an identifier is permanent unless it explicitly says that it is temporary.","Allows the appropriate identifier for a particular context of use to be selected from among a set of identifiers.","","","","","","","",,"required","Identifies the purpose for this identifier, if known .","http://hl7.org/fhir/ValueSet/identifier-use","",,,,"Identifier.use",0,1,"","","Role.code or implied by context"
"AuditEvent.entity.identifier.type","","","",0,1,"","","Y","CodeableConcept {[]} {[]}
","Description of identifier","A coded type for the identifier that can be used to determine which identifier to use for a specific purpose.","This element deals only with general categories of identifiers.  It SHOULD not be used for codes that correspond 1..1 with the Identifier.system. Some identifiers may fall into multiple categories due to common usage. 

Where the system is known, a type is unnecessary because the type is always part of the system definition. However systems often need to handle identifiers where the system is not known. There is not a 1:1 relationship between type and system, since many different systems have the same type.","Allows users to make use of identifiers when the identifier system is not known.","","","","","","","",,"extensible","A coded type for an identifier that can be used to determine which identifier to use for a specific purpose.","http://hl7.org/fhir/ValueSet/identifier-type","",,,,"Identifier.type",0,1,"","","Role.code or implied by context"
"AuditEvent.entity.identifier.system","","","",1,1,"","","Y","uri {[]} {[]}
","The namespace for the identifier value","Establishes the namespace for the value - that is, a URL that describes a set values that are unique.","","There are many sets  of identifiers.  To perform matching of two identifiers, we need to know what set we're dealing with. The system identifies a particular set of unique identifiers.","","","<valueUri xmlns=""http://hl7.org/fhir"" value=""urn:oid:2.16.756.5.30.1.127.3.10.3""/>","","<valueUri xmlns=""http://hl7.org/fhir"" value=""http://www.acme.com/identifiers/patient or urn:ietf:rfc:3986 if the Identifier.value itself is a full uri""/>","","",,,,,"",,,,"Identifier.system",0,1,"","","II.root or Role.id.root"
"AuditEvent.entity.identifier.value","","","",0,1,"","","Y","string {[]} {[]}
","The value that is unique","The portion of the identifier typically relevant to the user and which is unique within the context of the system.","If the value is a full URI, then the system SHALL be urn:ietf:rfc:3986.  The value's primary purpose is computational mapping.  As a result, it may be normalized for comparison purposes (e.g. removing non-significant whitespace, dashes, etc.)  A value formatted for human display can be conveyed using the [Rendered Value extension](extension-rendered-value.html).","","","","","","<valueString xmlns=""http://hl7.org/fhir"" value=""123456""/>","","",,,,,"",,,,"Identifier.value",0,1,"","","II.extension or II.root if system indicates OID or GUID (Or Role.id.extension or root)"
"AuditEvent.entity.identifier.period","","","",0,1,"","","Y","Period {[]} {[]}
","Time period when id is/was valid for use","Time period during which identifier is/was valid for use.","","","","","","","","","",,,,,"",,,,"Identifier.period",0,1,"","","Role.effectiveTime or implied by context"
"AuditEvent.entity.identifier.assigner","","","",0,1,"","","Y","Reference {[]} {[CanonicalType[http://hl7.org/fhir/StructureDefinition/Organization]]}
","Organization that issued id (may be just text)","Organization that issued/manages the identifier.","The Identifier.assigner may omit the .reference element and only contain a .display element reflecting the name or other textual information about the assigning organization.","","","","","","","","",,,,,"",,,,"Identifier.assigner",0,1,"","","II.assigningAuthorityName but note that this is an improper use by the definition of the field.  Also Role.scoper"
"AuditEvent.entity.reference","","","",0,1,"","","Y","Reference {[]} {[CanonicalType[http://hl7.org/fhir/StructureDefinition/Resource]]}
","Specific instance of resource","Identifies a specific instance of the entity. The reference should be version specific.","","","","","","","","","",,,,,"",,,,"AuditEvent.entity.reference",0,1,"","","ParticipantObjectID","[self]","what","Provenance.target, Provenance.entity.reference"
"AuditEvent.entity.type","","","",1,1,"","","Y","Coding {[]} {[]}
","Type of entity involved","The type of the object that was involved in this audit event.","This value is distinct from the user's role or any user relationship to the entity.","To describe the object being acted upon. In addition to queries on the subject of the        action in an auditable event, it is also important to be able to query on the object type        for the action.","","","","","","","",,"extensible","Code for the entity type involved in the audit event","http://hl7.org/fhir/ValueSet/audit-entity-type","",,,,"AuditEvent.entity.type",0,1,"","","ParticipantObjectTypeCode","[self::Act].code or role.player.code","what","Entity.type","Provenance.entity.type"
"AuditEvent.entity.type.id","","","",0,1,"","","","string {[]} {[]}
","xml:id (or equivalent in JSON)","unique id for the element within a resource (for internal references). This may be any string value that does not contain spaces.","","","","","","","","","",,,,,"",,,,"Element.id",0,1,"","","n/a"
"AuditEvent.entity.type.extension","","extensions
user content","",0,*,"","","","Extension {[]} {[]}
","Additional Content defined by implementations","May be used to represent additional information that is not part of the basic definition of the element. In order to make the use of extensions safe and manageable, there is a strict set of governance  applied to the definition and use of extensions. Though any implementer is allowed to define an extension, there is a set of requirements that SHALL be met as part of the definition of the extension.","There can be no stigma associated with the use of extensions by any application, project, or standard - regardless of the institution or jurisdiction that uses or defines the extensions.  The use of extensions is what allows the FHIR specification to retain a core level of simplicity for everyone.","","","","","","","","",,,,,"","value:url}
","Extensions are always sliced by (at least) url",,"open","Element.extension",0,*,"","","n/a"
"AuditEvent.entity.type.system","","","",0,1,"","","Y","uri {[]} {[]}
","Identity of the terminology system","The identification of the code system that defines the meaning of the symbol in the code.","The URI may be an OID (urn:oid:...) or a UUID (urn:uuid:...).  OIDs and UUIDs SHALL be references to the HL7 OID registry. Otherwise, the URI should come from HL7's list of FHIR defined special URIs or it should de-reference to some definition that establish the system clearly and unambiguously.","Need to be unambiguous about the source of the definition of the symbol.","","","","","","","",,,,,"",,,,"Coding.system",0,1,"","","./codeSystem"
"AuditEvent.entity.type.version","","","",0,1,"","","Y","string {[]} {[]}
","Version of the system - if relevant","The version of the code system which was used when choosing this code. Note that a well-maintained code system does not need the version reported, because the meaning of codes is consistent across versions. However this cannot consistently be assured. and when the meaning is not guaranteed to be consistent, the version SHOULD be exchanged.","Where the terminology does not clearly define what string should be used to identify code system versions, the recommendation is to use the date (expressed in FHIR date format) on which that version was officially published as the version date.","","","","","","","","",,,,,"",,,,"Coding.version",0,1,"","","./codeSystemVersion"
"AuditEvent.entity.type.code","","","",1,1,"","","Y","code {[]} {[]}
","Symbol in syntax defined by the system","A symbol in syntax defined by the system. The symbol may be a predefined code or an expression in a syntax defined by the coding system (e.g. post-coordination).","","Need to refer to a particular code in the system.","","","<valueCode xmlns=""http://hl7.org/fhir"" value=""1""/>","","","","",,,,,"",,,,"Coding.code",0,1,"","","./code"
"AuditEvent.entity.type.display","","","",0,1,"","","Y","string {[]} {[]}
","Representation defined by the system","A representation of the meaning of the code in the system, following the rules of the system.","","Need to be able to carry a human-readable meaning of the code for readers that do not know  the system.","","","","","","","",,,,,"",,,,"Coding.display",0,1,"","","CV.displayName"
"AuditEvent.entity.type.userSelected","","","",0,1,"","","Y","boolean {[]} {[]}
","If this coding was chosen directly by the user","Indicates that this coding was chosen by a user directly - i.e. off a pick list of available items (codes or displays).","Amongst a set of alternatives, a directly chosen code is the most appropriate starting point for new translations. There is some ambiguity about what exactly 'directly chosen' implies, and trading partner agreement may be needed to clarify the use of this element and its consequences more completely.","This has been identified as a clinical safety criterium - that this exact system/code pair was chosen explicitly, rather than inferred by the system based on some rules or language processing.","","","","","","","",,,,,"",,,,"Coding.userSelected",0,1,"","","CD.codingRationale"
"AuditEvent.entity.role","","","",1,1,"","","Y","Coding {[]} {[]}
","What role the entity played","Code representing the role the entity played in the event being audited.","","For some detailed audit analysis it may be necessary to indicate a more granular type        of entity, based on the application role it serves.","","","","","","","",,"extensible","Code representing the role the entity played in the audit event","http://hl7.org/fhir/ValueSet/object-role","",,,,"AuditEvent.entity.role",0,1,"","","ParticipantObjectTypeCodeRole","role.code (not sure what this would mean for an Act)","context","Entity.role"
"AuditEvent.entity.role.id","","","",0,1,"","","","string {[]} {[]}
","xml:id (or equivalent in JSON)","unique id for the element within a resource (for internal references). This may be any string value that does not contain spaces.","","","","","","","","","",,,,,"",,,,"Element.id",0,1,"","","n/a"
"AuditEvent.entity.role.extension","","extensions
user content","",0,*,"","","","Extension {[]} {[]}
","Additional Content defined by implementations","May be used to represent additional information that is not part of the basic definition of the element. In order to make the use of extensions safe and manageable, there is a strict set of governance  applied to the definition and use of extensions. Though any implementer is allowed to define an extension, there is a set of requirements that SHALL be met as part of the definition of the extension.","There can be no stigma associated with the use of extensions by any application, project, or standard - regardless of the institution or jurisdiction that uses or defines the extensions.  The use of extensions is what allows the FHIR specification to retain a core level of simplicity for everyone.","","","","","","","","",,,,,"","value:url}
","Extensions are always sliced by (at least) url",,"open","Element.extension",0,*,"","","n/a"
"AuditEvent.entity.role.system","","","",0,1,"","","Y","uri {[]} {[]}
","Identity of the terminology system","The identification of the code system that defines the meaning of the symbol in the code.","The URI may be an OID (urn:oid:...) or a UUID (urn:uuid:...).  OIDs and UUIDs SHALL be references to the HL7 OID registry. Otherwise, the URI should come from HL7's list of FHIR defined special URIs or it should de-reference to some definition that establish the system clearly and unambiguously.","Need to be unambiguous about the source of the definition of the symbol.","","","","","","","",,,,,"",,,,"Coding.system",0,1,"","","./codeSystem"
"AuditEvent.entity.role.version","","","",0,1,"","","Y","string {[]} {[]}
","Version of the system - if relevant","The version of the code system which was used when choosing this code. Note that a well-maintained code system does not need the version reported, because the meaning of codes is consistent across versions. However this cannot consistently be assured. and when the meaning is not guaranteed to be consistent, the version SHOULD be exchanged.","Where the terminology does not clearly define what string should be used to identify code system versions, the recommendation is to use the date (expressed in FHIR date format) on which that version was officially published as the version date.","","","","","","","","",,,,,"",,,,"Coding.version",0,1,"","","./codeSystemVersion"
"AuditEvent.entity.role.code","","","",1,1,"","","Y","code {[]} {[]}
","Symbol in syntax defined by the system","A symbol in syntax defined by the system. The symbol may be a predefined code or an expression in a syntax defined by the coding system (e.g. post-coordination).","","Need to refer to a particular code in the system.","","","<valueCode xmlns=""http://hl7.org/fhir"" value=""1""/>","","","","",,,,,"",,,,"Coding.code",0,1,"","","./code"
"AuditEvent.entity.role.display","","","",0,1,"","","Y","string {[]} {[]}
","Representation defined by the system","A representation of the meaning of the code in the system, following the rules of the system.","","Need to be able to carry a human-readable meaning of the code for readers that do not know  the system.","","","","","","","",,,,,"",,,,"Coding.display",0,1,"","","CV.displayName"
"AuditEvent.entity.role.userSelected","","","",0,1,"","","Y","boolean {[]} {[]}
","If this coding was chosen directly by the user","Indicates that this coding was chosen by a user directly - i.e. off a pick list of available items (codes or displays).","Amongst a set of alternatives, a directly chosen code is the most appropriate starting point for new translations. There is some ambiguity about what exactly 'directly chosen' implies, and trading partner agreement may be needed to clarify the use of this element and its consequences more completely.","This has been identified as a clinical safety criterium - that this exact system/code pair was chosen explicitly, rather than inferred by the system based on some rules or language processing.","","","","","","","",,,,,"",,,,"Coding.userSelected",0,1,"","","CD.codingRationale"
"AuditEvent.entity.lifecycle","","","",0,1,"","","","Coding {[]} {[]}
","Life-cycle stage for the entity","Identifier for the data life-cycle stage for the entity.","This can be used to provide an audit trail for data, over time, as it passes through the system.","Institutional policies for privacy and security may optionally fall under different accountability rules based on data life cycle. This provides a differentiating value for those cases.","","","","","","","",,"extensible","Identifier for the data life-cycle stage for the entity","http://hl7.org/fhir/ValueSet/object-lifecycle-events","",,,,"AuditEvent.entity.lifecycle",0,1,"","","ParticipantObjectDataLifeCycle","target of ObservationEvent[code=""lifecycle""].value","context","Entity.role","Provenance.entity.role"
"AuditEvent.entity.securityLabel","","","",0,*,"","","","Coding {[]} {[]}
","Security labels on the entity","Security labels for the identified entity.","Copied from entity meta security tags.","This field identifies the security labels for a specific instance of an object, such as a patient, to detect/track privacy and security issues.","","","","","","","",,"extensible","Security Labels from the Healthcare Privacy and Security Classification System.","http://hl7.org/fhir/ValueSet/security-labels","",,,,"AuditEvent.entity.securityLabel",0,*,"","","ParticipantObjectSensitivity",".confidentialityCode","context"
"AuditEvent.entity.name","","","",0,1,"","","Y","string {[]} {[]}
","Descriptor for entity","A name of the entity in the audit event.","This field may be used in a query/report to identify audit events for a specific person.  For example, where multiple synonymous entity identifiers (patient number, medical record number, encounter number, etc.) have been used.","Use only where entity can't be identified with an identifier.","","","","","","","",,,,,"",,,,"AuditEvent.entity.name",0,1,"sev-1
","","ParticipantObjectName",".title","context","Entity.Label"
"AuditEvent.entity.description","","","",0,1,"","","","string {[]} {[]}
","Descriptive text","Text that describes the entity in more detail.","","Use only where entity can't be identified with an identifier.","","","","","","","",,,,,"",,,,"AuditEvent.entity.description",0,1,"","","ParticipantObjectDescription",".text","context"
"AuditEvent.entity.query","","","",0,1,"","","Y","base64Binary {[]} {[]}
","Query parameters","The query parameters for a query-type entities.","","For query events, it may be necessary to capture the actual query input to the query process in order to identify the specific event. Because of differences among query implementations and data encoding for them, this is a base 64 encoded data blob. It may be subsequently decoded or interpreted by downstream audit analysis processing.","","","","","","","",,,,,"",,,,"AuditEvent.entity.query",0,1,"sev-1
","","ParticipantObjectQuery","No mapping","context"
"AuditEvent.entity.detail","","","",0,*,"","","","BackboneElement {[]} {[]}
","Additional Information about the entity","Tagged value pairs for conveying additional information about the entity.","","Implementation-defined data about specific details of the object accessed or used.","","","","","","","",,,,,"",,,,"AuditEvent.entity.detail",0,*,"","ele-1:All FHIR elements must have a @value or children {hasValue() | (children().count() > id.count())}
","ParticipantObjectDetail",".inboundRelationship[typeCode=SUBJ].target[classCode=OBS, moodCode=EVN]","context"
"AuditEvent.entity.detail.id","","","",0,1,"","","","string {[]} {[]}
","xml:id (or equivalent in JSON)","unique id for the element within a resource (for internal references). This may be any string value that does not contain spaces.","","","","","","","","","",,,,,"",,,,"Element.id",0,1,"","","n/a"
"AuditEvent.entity.detail.extension","","extensions
user content","",0,*,"","","","Extension {[]} {[]}
","Additional Content defined by implementations","May be used to represent additional information that is not part of the basic definition of the element. In order to make the use of extensions safe and manageable, there is a strict set of governance  applied to the definition and use of extensions. Though any implementer is allowed to define an extension, there is a set of requirements that SHALL be met as part of the definition of the extension.","There can be no stigma associated with the use of extensions by any application, project, or standard - regardless of the institution or jurisdiction that uses or defines the extensions.  The use of extensions is what allows the FHIR specification to retain a core level of simplicity for everyone.","","","","","","","","",,,,,"",,,,"Element.extension",0,*,"","","n/a"
"AuditEvent.entity.detail.modifierExtension","","extensions
user contentmodifiers","",0,*,"","Y","Y","Extension {[]} {[]}
","Extensions that cannot be ignored","May be used to represent additional information that is not part of the basic definition of the element, and that modifies the understanding of the element that contains it. Usually modifier elements provide negation or qualification. In order to make the use of extensions safe and manageable, there is a strict set of governance applied to the definition and use of extensions. Though any implementer is allowed to define an extension, there is a set of requirements that SHALL be met as part of the definition of the extension. Applications processing a resource are required to check for modifier extensions.","There can be no stigma associated with the use of extensions by any application, project, or standard - regardless of the institution or jurisdiction that uses or defines the extensions.  The use of extensions is what allows the FHIR specification to retain a core level of simplicity for everyone.","","","","","","","","",,,,,"",,,,"BackboneElement.modifierExtension",0,*,"","","N/A"
"AuditEvent.entity.detail.type","","","",1,1,"","","","string {[]} {[]}
","Name of the property","The type of extra detail provided in the value.","","","","","","","","","",,,,,"",,,,"AuditEvent.entity.detail.type",1,1,"","","ParticipantObjectDetail.type",".code","context"
"AuditEvent.entity.detail.value","","","",1,1,"","","","base64Binary {[]} {[]}
","Property value","The details, base64 encoded. Used to carry bulk information.","The value is base64 encoded to enable various encodings or binary content.","Should not duplicate the entity value unless absolutely necessary.","","","","","","","",,,,,"",,,,"AuditEvent.entity.detail.value",1,1,"","","ParticipantObjectDetail.value",".value","context"
